program_id,name,site_url,rates,joined_link_available,cashback_keyword,loyalty_keyword,cashback_candidate,has_product_feed,s2s_tracking,online_tracking
24296,Apple [CPS] IN,https://www.apple.com/in/,Sale: 4.00–4.00%,False,True,True,True,False,False,False
28675,AppleAxis[CPS]IN,https://www.apple.com/in/,Sale: 3.20–3.20%,False,True,True,True,True,False,False
191064,Jack and Jones [CPS] IN,https://www.jackjones.in/,Sales: 5.60–8.40%,False,True,False,True,False,False,False
183284,OneIndiaMall [CPS] IN,https://oneindiamall.com/,Sales: 0.00–10.50%,False,True,False,True,False,True,False
193914,ONLY [CPS] IN,https://www.only.in/,Sales: 5.60–8.40%,False,True,False,True,False,True,True
186083,Ten X You [CPS] IN,https://tenxyou.com/,Sales: 5.60–5.60%,False,True,True,True,False,True,False
163116,UNI Cards [CPA] IN,https://www.uni.cards/,Soft Pull Accept: 240.00–240.00 INR | Card Dipatch: 1080.00–1080.00 INR | CC Card Opt: 350.00–350.00 INR | Raw Lead: 0.00–0.00 INR,False,True,False,True,False,True,False
26033,Nilkamal [CPS] IN,https://www.nilkamalfurniture.com/,Sale: 8.40–8.40%,True,False,False,False,False,False,False
26543,Abhibus [CPS] IN,https://www.abhibus.com/,Sales: 35.00–35.00 INR,False,False,False,False,False,False,False
24575,Acer [CPS] IN,https://store.acer.com/en-in/,Sales: 3.50–3.50%,False,False,False,False,True,False,False
28652,Acko Bike [CPS] IN,https://www.acko.com/lp/new-bike/,Lead IN: 0.00–0.00 INR | Gear Bike Sales: 14.00–14.00% | Sale IN: 32.20–32.20% | Non Gear Bikes: 28.00–28.00%,False,False,False,False,False,False,False
40286,Acko_Car Insurance [CPS] IN,https://www.acko.com/,Quote: 0.00–0.00 INR | Policy Purchase (Non-TP): 31.50–31.50% | Policy Purchase (Tp): 17.50–17.50%,False,False,False,False,False,False,False
34208,Adidas [CP] IN,https://www.adidas.co.in/,Cost per sale: 10.50–10.50%,False,False,False,False,False,False,False
43262,Air India [CPS] IN,https://www.airindia.com/,Domestic Flights: 105.00–105.00 INR | International Flights: 350.00–350.00 INR,False,False,False,False,False,False,False
135724,Air India Express [CPS] IN,https://www.airindiaexpress.com/,Domestic Sales: 105.00–105.00 INR | International Sales: 175.00–175.00 INR,False,False,False,False,False,False,False
15591,Ajio [CPS] IN,https://www.ajio.com/,Repeat Order - AJIO: 4.20–4.20% | New User - Ajio: 8.40–8.40% | App Sale: 0.00–8.40%,False,False,False,False,False,False,False
148423,Ajmal Perfumes [CPS] IN,https://in.ajmal.com/,Sales: 3.50–3.50%,False,False,False,False,False,False,True
185776,Aldo New [CPS] IN,https://www.aldoshoes.in/,Sale: 3.00–3.00%,False,False,False,False,False,False,False
198354,Antinorm [CPS] IN,https://antinorm.co/,Sale: 18.00–18.00%,False,False,False,False,False,False,False
144262,Aramya [CPS] IN,https://aramya.in,sale: 11.40–11.40% | old user: 4.80–4.80%,False,False,False,False,False,False,False
36176,Asus [CPS] IN,https://asus.com/in/,Sale: 1.05–2.10%,False,False,False,False,False,False,False
27203,AU Bank [CPA] IN,https://www.aubank.in,Lead: 0.00–0.00 INR | Account open: 661.50–661.50 INR,False,False,False,False,False,False,False
25240,Axis MF Micro investing [CPA] IN,https://www.axismf.com/,Lead: 0.00–0.00 INR | Transaction Success (INR 600 and Above): 686.00–686.00 INR,False,False,False,False,False,False,False
102424,Bajaj Finserv [EMI Card] IN,https://www.bajajfinserv.in/,Bajaj Insta EMI Card: 0.00–0.00 INR | Lead: 0.00–0.00 INR,False,False,False,False,False,False,False
185777,Bath & Body works [CPS] IN,https://www.bathandbodyworks.in/,Sale: 3.50–3.50%,False,False,False,False,False,False,False
42616,"Bewakoof [Web, App, CPS] IN",https://www.bewakoof.com/,Purchase old user: 15.40–15.40% | Purchase new user: 15.40–15.40% | App install: 0.00–0.00 INR,False,False,False,False,False,False,False
19703,Bigrock [CPS] IN,https://www.bigrock.in/,Sale: 5.60–42.00%,False,False,False,False,False,False,False
37709,Bliss Club [CPS] IN,https://blissclub.com/,Sale: 0.00–0.00%,False,False,False,False,False,False,False
23961,Boat Lifestyle [CPS] IN,https://www.boat-lifestyle.com/,Sale: 7.00–7.00%,False,False,False,False,False,False,False
181717,Charles & Keith [CPS] IN,https://charleskeith.in/in,Sale: 3.50–3.50%,False,False,False,False,False,False,False
15170,Cleartrip [CPS] IN,https://www.cleartrip.com/,Domestic Flight: 70.00–70.00 INR | Hotel Booking: 280.00–280.00 INR | International Flight: 70.00–70.00 INR,False,False,False,False,False,False,False
121951,ControlZ World [CPS] IN,https://www.controlz.world/,Sales: 2.10–2.10%,False,False,False,False,False,False,False
17685,Croma [CPS] IN,https://www.croma.com/,Sale: 1.50–1.50%,False,False,False,False,False,False,False
186081,Ctrl8 [CPS] IN,https://ctrl8.in/,Sale: 12.00–12.00%,False,False,False,False,False,False,False
182817,Digihaat [CPS] IN,https://www.digihaat.in/,App Sales: 10.50–10.50% | Installs: 0.00–0.00 INR | Sales: 9.00–9.00%,False,False,False,False,False,True,False
29435,Dot&Key [CPS] IN,https://www.dotandkey.com/,Repeat User: 9.80–9.80% | New User: 11.20–11.20%,False,False,False,False,True,False,False
42753,Dyson Direct [CPS] IN,https://dyson.in,Sale: 2.80–2.80%,False,False,False,False,False,False,False
102797,Emami Zanducare [ CPS ] IN,https://zanducare.com/,Cost per sale: 14.00–14.00%,False,False,False,False,False,False,False
50814,"Fibeapp [CPA, Android] IN",https://play.google.com/store/apps/details?id=com.earlysalary.android,Loan approval (total_approved): 345.00–345.00 INR | Disbursement: 615.00–615.00 INR,False,False,False,False,False,False,False
14719,Firstcry [CPS] IN,https://www.firstcry.com/,Paid order - Sale: 0.00–35.00 INR | Paid Order: 0.00–35.00 INR,False,False,False,False,False,False,False
35862,Flipkart [CPS] IN - Influencer Partnerships,https://www.flipkart.com/,Sale: 0.00–10.50%,False,False,False,False,False,False,False
193565,Flipkart Live [Takefluence] IN,https://www.flipkart.com/,Live Streaming 60 HRS: 20762.71–20762.71 INR,False,False,False,False,False,False,False
26279,GoNoise [CPS] IN,https://www.gonoise.com/,Paid Order: 5.60–5.60%,False,False,False,False,False,False,False
182730,goSTOPS [CPS] IN,https://gostops.com/stay/home,Booking: 9.00–9.00%,False,False,False,False,False,False,False
23258,H&M [CPS] IN,https://www.hm.com/,Sales: 0.70–4.20%,False,False,False,False,False,False,False
182733,HamaraMall [CPS] IN,https://hamaramall.com/,Sales: 10.50–10.50%,False,False,False,False,False,True,False
121884,Havells [CPS] IN,https://havells.com,Confirmed purchase: 3.50–3.50%,False,False,False,False,False,True,False
24964,ICICI CC [CPL] IN,https://www.icicibank.com/card/credit-cards/credit-card.page,Verified lead: 357.00–357.00 INR | Lead: 0.00–0.00 INR | Dispatch: 0.00–0.00 INR,False,False,False,False,False,False,False
24486,ICICI Lombard [CPS] IN,https://www.icicilombard.com/,Policy Sale: 31.50–31.50% | Lead: 0.00–0.00 INR,False,False,False,False,False,False,False
29262,IDFC CC [CPA] IN,https://www.idfcfirstbank.com/,Lead: 0.00–0.00 INR | Cost per card Issue (LTF Card): 1000.00–1000.00 INR | Cost per card issue (Paid Card): 1160.00–1160.00 INR | Cost per card Issue (Secured Card): 330.00–330.00 INR,False,False,False,False,False,False,False
25915,IndusInd Credit Card [CPA] IN,https://induseasycredit.indusind.com/customer/application/work-details,Dispatch: 1400.00–1400.00 INR | Leads: 0.00–0.00 INR,False,False,False,False,False,False,False
190393,JLR [CPL] IN,https://www.autocarindia.com/lr-discovery,Interested lead: 1500.00–1500.00 INR,False,False,False,False,False,False,False
144572,Kama Ayurveda [ CPS ] IN,https://www.kamaayurveda.in/,Cost per Sale: 19.60–19.60%,False,False,False,False,False,False,False
23646,Kapiva [CPS] IN,https://www.kapiva.in/,Repeat User: 7.00–7.00% | New User: 14.00–14.00%,False,False,False,False,True,False,False
22594,Kotak 811 Savings Account [CPA] IN,https://www.kotak811.com/open-zero-balance-savings-account,Lead: 0.00–0.00 INR | Account_otp: 0.00–0.00 INR | Account open: 245.00–245.00 INR,False,False,False,False,False,False,False
22328,Lenovo India [CPS] IN,https://www.lenovo.com/in/en/,Paid orders: 2.80–5.60%,False,False,False,False,True,False,False
28735,Lenskart [CPS] IN,https://www.lenskart.com/,Sales -Web: 0.00–98.00 INR,False,False,False,False,False,False,False
25931,Libas [CPS] IN,https://www.libas.in/,Sale: 7.00–7.00%,False,False,False,False,True,False,False
23281,Marks and Spencers [CPS] IN,https://www.marksandspencer.in,Cost per sale: 16.50–16.50%,False,False,False,False,False,False,False
22352,MaxLife Insurance [CPS] IN,https://www.maxlifeinsurance.com/,Policy Sale: 60.00–60.00% | Eligible Lead: 0.00–0.00 INR,False,False,False,False,False,False,False
141228,Milton [CPS] IN,https://www.milton.in/,Cost per Sale: 10.50–10.50%,False,False,False,False,False,False,False
22221,Mivi [CPS] IN,https://www.mivi.in/,Sale: 7.00–7.00%,False,False,False,False,False,False,False
29365,MMTAMEXRewards [CPS] IN,https://www.makemytrip.com/,Flight Booking: 0.52–0.52% | Hotel Booking ( Domestic): 3.50–3.50% | Hotel Booking (International): 2.80–2.80%,False,False,False,False,False,False,False
148741,MuscleTech [CPS] IN,https://www.muscletech.in/,Sale: 4.80–4.80%,False,False,False,False,False,False,False
15481,Myntra [CPS] IN,https://www.myntra.com/,Repeat User : web and app: 0.00–3.50% | New User: web and app: 0.00–7.00%,False,False,False,False,True,False,False
143291,Myntra Content 2 [CPS] IN,https://www.myntra.com/,Sales: 5.60–5.60%,False,False,False,False,False,False,False
29947,Myntra Content [CPS] IN,https://www.myntra.com/,App: 5.60–6.30% | Web: 5.60–6.30%,False,False,False,False,False,False,False
29120,Neeman's [CPS] IN,https://neemans.com/,Coupon Redeemed: 8.75–8.75% | Coupon Not Redeemed: 8.75–8.75% | Sale: 7.00–7.00%,False,False,False,False,False,False,False
146410,Nielsen Confluence TV & Mobile [CPA] IN,https://play.google.com/store/apps/details?id=com.nlsn.confluencetv,Install: 42.00–42.00 INR | Registration: 0.00–0.00 INR,False,False,False,False,False,False,False
186080,Nveda [CPS] IN,https://nveda.in/,Sale: 18.00–18.00%,False,False,False,False,False,False,False
15667,Nykaa Beauty [CPS] IN,https://www.nykaa.com/,Sale: 2.80–5.60% | Sale App (Old User): 2.80–2.80% | Sale App (New User): 5.60–5.60%,False,False,False,False,False,False,False
22062,Nykaafashion [CPS] IN,https://www.nykaafashion.com/,Sale: 2.80–5.60% | App sale: 2.80–5.60%,False,False,False,False,False,False,False
24983,Oppo India [CPS] IN,https://www.oppo.com/in/store/,Sales: 0.17–4.25%,False,False,False,False,False,False,True
187358,Oziva New [CPS] IN,https://www.oziva.in/,New user: 9.10–9.10% | Repeat user: 6.30–6.30%,False,False,False,False,False,False,False
199801,Paisa247 Android IN,https://play.google.com/store/apps/details?id=in.paisa247&hl=en,Issued loan: 12.00–12.00 USD,False,False,False,False,False,False,False
124942,Palmonas [CPS] IN,https://www.palmonas.com/,Sales: 10.50–10.50%,False,False,False,False,False,True,False
16248,Pepperfry Web [CPS] IN,https://www.pepperfry.com/,App Sale: 0.00–245.00 INR | pepperfry Sale New: 2.80–4.90%,False,False,False,False,False,False,False
21567,Puma [CPS] IN,https://in.puma.com/,Paid Order: 4.20–4.20% | APP SALE: 4.20–4.20%,False,False,False,False,True,False,False
196997,R for Rabbit [CPS] IN,https://rforrabbit.com/,Cost pe Sale: 9.45–9.45%,False,False,False,False,False,False,False
28994,realme [CPS] IN,https://www.realme.com/in/,Sales: 1.40–1.40%,False,False,False,False,False,False,False
88834,Salty [CPS] IN,https://salty.co.in/,Sale: 10.50–10.50%,False,False,False,False,False,False,False
18555,Samsung [CPS] IN,https://www.samsung.com/in/,App Install: 0.00–0.00 INR | purchase: 2.00–2.00%,False,False,False,False,False,False,False
32565,SBI CC [CPA] IN,https://www.sbicard.com/,Lead: 0.00–0.00 INR | Cost per card disbursal: 1960.00–1960.00 INR,False,False,False,False,False,False,False
187359,Sheetal Batra [CPS] IN,https://sheetalbatra.com/,Sale: 6.00–6.00%,False,False,False,False,False,False,False
27560,Shopsy App [CPS] IN,https://www.shopsy.in/,Purchase: 7.00–7.00 INR,False,False,False,False,False,False,False
21598,Shyaway [CPS] IN,https://www.shyaway.com/,Sale: 28.00–28.00%,False,False,False,False,False,False,True
110458,Skyscanner Old [CPS] IN,https://www.skyscanner.co.in/,Default: 14.00–21.00%,False,False,False,False,False,False,False
32964,Stockedge [CPR] IN,https://stockedge.com/,Registration: 16.00–16.00 INR,False,False,False,False,False,False,False
34636,"Story TV [Android, CPT] IN",https://play.google.com/store/apps/details?id=story.tv.drama.reels&hl=en,Trial purchase: 23.00–23.00 INR | Install: 0.00–0.00 INR,False,False,False,False,False,False,False
27665,Superbottoms [CPS] IN,https://superbottoms.com/,Sale: 10.50–10.50% | Sale - Existing Customer: 2.10–2.10%,False,False,False,False,True,False,True
148744,Suzuki [CPL] IN,https://www.suzukimotorcycle.co.in/,Leads: 84.00–84.00 INR,False,False,False,False,False,False,False
21812,Tanishq [CPS] IN,https://www.tanishq.co.in/,Paid Order: 0.00–2.10%,False,False,False,False,True,False,False
111413,Tata Neu Credit Card [CPD] IN,https://www.tatadigital.com/,Lead: 31.50–31.50 INR,False,False,False,False,False,False,False
15542,TataCliq [CPS] IN,https://www.tatacliq.com/,Electronics: 5.00–5.00% | Kids: 5.00–5.00% | Men's Clothing: 5.00–5.00% | Watches: 5.00–5.00% | Women's Clothing: 5.00–5.00% | Accessories: 5.00–5.00% | Apparel: 5.00–5.00% | Beauty & Grooming: 5.00–5.00% | Eyewear: 5.00–5.00% | Footwear: 5.00–5.00% | Furniture: 5.00–5.00% | Gift Vouchers: 0.00–0.00 INR | Health & Wellness: 5.00–5.00% | Home: 5.00–5.00% | Jewellery: 5.00–5.00% | Kids Toys: 5.00–5.00%,False,False,False,False,False,False,False
33979,The Hindu [CPS] IN,https://www.thehindu.com/,Subscription: 42.00–42.00%,False,False,False,False,False,False,False
180612,The Trost [CPS] IN,https://thetrost.com/,Sale: 12.00–12.00%,False,False,False,False,False,False,False
21497,TheManCompany [CPS] IN,https://www.themancompany.com/,Sales: 14.00–14.00%,False,False,False,False,True,False,False
22348,Times Prime [CPA] IN,https://www.timesprime.com/,Subscription: 245.00–245.00 INR,False,False,False,False,False,False,False
21435,Titan [CPS] IN,https://www.titan.co.in/,Sale: 7.00–7.00%,False,False,False,False,True,False,False
28657,Uniqlo India [CPS] IN,https://www.uniqlo.com/in/en/,Sales: 1.40–1.40%,False,False,False,False,False,False,False
95656,Vegnonveg [CPS] IN,https://vegnonveg.com/,Sale: 0.00–0.00%,False,False,False,False,True,False,False
183205,Victoria's secret [CPS] IN,https://www.victoriassecret.in/,Sale: 3.50–3.50%,False,False,False,False,False,False,False
115735,Vijay Sales [CPS] IN,https://www.vijaysales.com/,Sales: 0.00–3.40%,False,False,False,False,False,True,False
204064,VZY [CPA] IN,https://plan-offer.vzy.one/plans,Sale: 77.00–77.00% | Install: 0.00–0.00 INR | Registration: 0.00–0.00 INR | Purchase: 77.00–77.00%,False,False,False,False,False,False,False
27284,Wellbeing Nutrition [CPS] IN,https://wellbeingnutrition.com/,New User Sale: 17.50–17.50% | Old user Sale: 8.75–8.75%,False,False,False,False,False,False,False
